<EmoticonSet>
    <id>2970</id>
    <name>阿狸3</name>
    <iconUri>50.gif</iconUri>
    <iconType>gif</iconType>
    <showName>0</showName>
    <bigEmoticon>1</bigEmoticon>
    <rol>4</rol>
    <row>2</row>
    <showDel>0</showDel>
    <Emoticon>
        <id>50</id>
        <iconUri>50.gif</iconUri>
        <iconType>gif</iconType>
    </Emoticon>
    <Emoticon>
        <id>51</id>
        <iconUri>51.gif</iconUri>
        <iconType>gif</iconType>
    </Emoticon>
    <Emoticon>
        <id>52</id>
        <iconUri>52.gif</iconUri>
        <iconType>gif</iconType>
    </Emoticon>
    <Emoticon>
        <id>53</id>
        <iconUri>53.gif</iconUri>
        <iconType>gif</iconType>
    </Emoticon>
    <Emoticon>
        <id>54</id>
        <iconUri>54.gif</iconUri>
        <iconType>gif</iconType>
    </Emoticon>
    <Emoticon>
        <id>56</id>
        <iconUri>56.gif</iconUri>
        <iconType>gif</iconType>
    </Emoticon>
    <Emoticon>
        <id>57</id>
        <iconUri>57.gif</iconUri>
        <iconType>gif</iconType>
    </Emoticon>
    <Emoticon>
        <id>58</id>
        <iconUri>58.gif</iconUri>
        <iconType>gif</iconType>
    </Emoticon>
    <Emoticon>
        <id>59</id>
        <iconUri>59.gif</iconUri>
        <iconType>gif</iconType>
    </Emoticon>
    <Emoticon>
        <id>60</id>
        <iconUri>60.gif</iconUri>
        <iconType>gif</iconType>
    </Emoticon>
    <Emoticon>
        <id>61</id>
        <iconUri>61.gif</iconUri>
        <iconType>gif</iconType>
    </Emoticon>
    <Emoticon>
        <id>62</id>
        <iconUri>62.gif</iconUri>
        <iconType>gif</iconType>
    </Emoticon>
    <Emoticon>
        <id>63</id>
        <iconUri>63.gif</iconUri>
        <iconType>gif</iconType>
    </Emoticon>
    <Emoticon>
        <id>64</id>
        <iconUri>64.gif</iconUri>
        <iconType>gif</iconType>
    </Emoticon>
    <Emoticon>
        <id>65</id>
        <iconUri>65.gif</iconUri>
        <iconType>gif</iconType>
    </Emoticon>
    <Emoticon>
        <id>66</id>
        <iconUri>66.gif</iconUri>
        <iconType>gif</iconType>
    </Emoticon>
    <Emoticon>
        <id>67</id>
        <iconUri>67.gif</iconUri>
        <iconType>gif</iconType>
    </Emoticon>
    <Emoticon>
        <id>68</id>
        <iconUri>68.gif</iconUri>
        <iconType>gif</iconType>
    </Emoticon>
    <Emoticon>
        <id>69</id>
        <iconUri>69.gif</iconUri>
        <iconType>gif</iconType>
    </Emoticon>
    <Emoticon>
        <id>70</id>
        <iconUri>70.gif</iconUri>
        <iconType>gif</iconType>
    </Emoticon>
    <Emoticon>
        <id>71</id>
        <iconUri>71.gif</iconUri>
        <iconType>gif</iconType>
    </Emoticon>
    <Emoticon>
        <id>72</id>
        <iconUri>72.gif</iconUri>
        <iconType>gif</iconType>
    </Emoticon>
    <Emoticon>
        <id>73</id>
        <iconUri>73.gif</iconUri>
        <iconType>gif</iconType>
    </Emoticon>
    <Emoticon>
        <id>74</id>
        <iconUri>74.gif</iconUri>
        <iconType>gif</iconType>
    </Emoticon>
    <Emoticon>
        <id>75</id>
        <iconUri>75.gif</iconUri>
        <iconType>gif</iconType>
    </Emoticon>
</EmoticonSet>
