<EmoticonSet>
    <id>2969</id>
    <name>阿狸2</name>
    <iconUri>25.gif</iconUri>
    <iconType>gif</iconType>
    <showName>0</showName>
    <bigEmoticon>1</bigEmoticon>
    <rol>4</rol>
    <row>2</row>
    <showDel>0</showDel>
    <Emoticon>
        <id>25</id>
        <iconUri>25.gif</iconUri>
        <iconType>gif</iconType>
    </Emoticon>
    <Emoticon>
        <id>26</id>
        <iconUri>26.gif</iconUri>
        <iconType>gif</iconType>
    </Emoticon>
    <Emoticon>
        <id>27</id>
        <iconUri>27.gif</iconUri>
        <iconType>gif</iconType>
    </Emoticon>
    <Emoticon>
        <id>28</id>
        <iconUri>28.gif</iconUri>
        <iconType>gif</iconType>
    </Emoticon>
    <Emoticon>
        <id>29</id>
        <iconUri>29.gif</iconUri>
        <iconType>gif</iconType>
    </Emoticon>
    <Emoticon>
        <id>30</id>
        <iconUri>30.gif</iconUri>
        <iconType>gif</iconType>
    </Emoticon>
    <Emoticon>
        <id>31</id>
        <iconUri>31.gif</iconUri>
        <iconType>gif</iconType>
    </Emoticon>
    <Emoticon>
        <id>32</id>
        <iconUri>32.gif</iconUri>
        <iconType>gif</iconType>
    </Emoticon>
    <Emoticon>
        <id>33</id>
        <iconUri>33.gif</iconUri>
        <iconType>gif</iconType>
    </Emoticon>
    <Emoticon>
        <id>34</id>
        <iconUri>34.gif</iconUri>
        <iconType>gif</iconType>
    </Emoticon>
    <Emoticon>
        <id>35</id>
        <iconUri>35.gif</iconUri>
        <iconType>gif</iconType>
    </Emoticon>
    <Emoticon>
        <id>36</id>
        <iconUri>36.gif</iconUri>
        <iconType>gif</iconType>
    </Emoticon>
    <Emoticon>
        <id>37</id>
        <iconUri>37.gif</iconUri>
        <iconType>gif</iconType>
    </Emoticon>
    <Emoticon>
        <id>38</id>
        <iconUri>38.gif</iconUri>
        <iconType>gif</iconType>
    </Emoticon>
    <Emoticon>
        <id>39</id>
        <iconUri>39.gif</iconUri>
        <iconType>gif</iconType>
    </Emoticon>
    <Emoticon>
        <id>40</id>
        <iconUri>40.gif</iconUri>
        <iconType>gif</iconType>
    </Emoticon>
    <Emoticon>
        <id>41</id>
        <iconUri>41.gif</iconUri>
        <iconType>gif</iconType>
    </Emoticon>
    <Emoticon>
        <id>42</id>
        <iconUri>42.gif</iconUri>
        <iconType>gif</iconType>
    </Emoticon>
    <Emoticon>
        <id>43</id>
        <iconUri>43.gif</iconUri>
        <iconType>gif</iconType>
    </Emoticon>
    <Emoticon>
        <id>44</id>
        <iconUri>44.gif</iconUri>
        <iconType>gif</iconType>
    </Emoticon>
    <Emoticon>
        <id>45</id>
        <iconUri>45.gif</iconUri>
        <iconType>gif</iconType>
    </Emoticon>
    <Emoticon>
        <id>47</id>
        <iconUri>47.gif</iconUri>
        <iconType>gif</iconType>
    </Emoticon>
    <Emoticon>
        <id>48</id>
        <iconUri>48.gif</iconUri>
        <iconType>gif</iconType>
    </Emoticon>
    <Emoticon>
        <id>76</id>
        <iconUri>76.gif</iconUri>
        <iconType>gif</iconType>
    </Emoticon>
    <Emoticon>
        <id>77</id>
        <iconUri>77.gif</iconUri>
        <iconType>gif</iconType>
    </Emoticon>
    <Emoticon>
        <id>78</id>
        <iconUri>78.gif</iconUri>
        <iconType>gif</iconType>
    </Emoticon>
    <Emoticon>
        <id>79</id>
        <iconUri>79.gif</iconUri>
        <iconType>gif</iconType>
    </Emoticon>
    <Emoticon>
        <id>80</id>
        <iconUri>80.gif</iconUri>
        <iconType>gif</iconType>
    </Emoticon>
    <Emoticon>
        <id>81</id>
        <iconUri>81.gif</iconUri>
        <iconType>gif</iconType>
    </Emoticon>
    <Emoticon>
        <id>82</id>
        <iconUri>82.gif</iconUri>
        <iconType>gif</iconType>
    </Emoticon>
    <Emoticon>
        <id>83</id>
        <iconUri>83.gif</iconUri>
        <iconType>gif</iconType>
    </Emoticon>
    <Emoticon>
        <id>84</id>
        <iconUri>84.gif</iconUri>
        <iconType>gif</iconType>
    </Emoticon>
    <Emoticon>
        <id>85</id>
        <iconUri>85.gif</iconUri>
        <iconType>gif</iconType>
    </Emoticon>
    <Emoticon>
        <id>86</id>
        <iconUri>86.gif</iconUri>
        <iconType>gif</iconType>
    </Emoticon>
    <Emoticon>
        <id>87</id>
        <iconUri>87.gif</iconUri>
        <iconType>gif</iconType>
    </Emoticon>
    <Emoticon>
        <id>88</id>
        <iconUri>88.gif</iconUri>
        <iconType>gif</iconType>
    </Emoticon>
    <Emoticon>
        <id>89</id>
        <iconUri>89.gif</iconUri>
        <iconType>gif</iconType>
    </Emoticon>
    <Emoticon>
        <id>90</id>
        <iconUri>90.gif</iconUri>
        <iconType>gif</iconType>
    </Emoticon>
    <Emoticon>
        <id>91</id>
        <iconUri>91.gif</iconUri>
        <iconType>gif</iconType>
    </Emoticon>
    <Emoticon>
        <id>92</id>
        <iconUri>92.gif</iconUri>
        <iconType>gif</iconType>
    </Emoticon>
    <Emoticon>
        <id>93</id>
        <iconUri>93.gif</iconUri>
        <iconType>gif</iconType>
    </Emoticon>
    <Emoticon>
        <id>94</id>
        <iconUri>94.gif</iconUri>
        <iconType>gif</iconType>
    </Emoticon>
    <Emoticon>
        <id>95</id>
        <iconUri>95.gif</iconUri>
        <iconType>gif</iconType>
    </Emoticon>
    <Emoticon>
        <id>96</id>
        <iconUri>96.gif</iconUri>
        <iconType>gif</iconType>
    </Emoticon>
    <Emoticon>
        <id>97</id>
        <iconUri>97.gif</iconUri>
        <iconType>gif</iconType>
    </Emoticon>
    <Emoticon>
        <id>98</id>
        <iconUri>98.gif</iconUri>
        <iconType>gif</iconType>
    </Emoticon>
    <Emoticon>
        <id>99</id>
        <iconUri>99.gif</iconUri>
        <iconType>gif</iconType>
    </Emoticon>
    <Emoticon>
        <id>100</id>
        <iconUri>100.gif</iconUri>
        <iconType>gif</iconType>
    </Emoticon>
</EmoticonSet>
