<EmoticonSet>
    <id>jinguanzhang</id>
    <name>小袋</name>
    <iconUri>01.jpg</iconUri>
    <iconType>jpg</iconType>
    <showName>0</showName>
    <bigEmoticon>1</bigEmoticon>
    <rol>4</rol>
    <row>2</row>
    <showDel>0</showDel>
    <Emoticon>
        <id>01</id>
        <iconUri>01.jpg</iconUri>
        <iconType>jpg</iconType>
    </Emoticon>
    <Emoticon>
        <id>02</id>
        <iconUri>02.jpg</iconUri>
        <iconType>jpg</iconType>
    </Emoticon>
    <Emoticon>
        <id>03</id>
        <iconUri>03.jpg</iconUri>
        <iconType>jpg</iconType>
    </Emoticon>
    <Emoticon>
        <id>04</id>
        <iconUri>04.jpg</iconUri>
        <iconType>jpg</iconType>
    </Emoticon>
    <Emoticon>
        <id>05</id>
        <iconUri>05.jpg</iconUri>
        <iconType>jpg</iconType>
    </Emoticon>
    <Emoticon>
        <id>06</id>
        <iconUri>06.jpg</iconUri>
        <iconType>jpg</iconType>
    </Emoticon>
    <Emoticon>
        <id>07</id>
        <iconUri>07.jpg</iconUri>
        <iconType>jpg</iconType>
    </Emoticon>
    <Emoticon>
        <id>08</id>
        <iconUri>08.jpg</iconUri>
        <iconType>jpg</iconType>
    </Emoticon>
    <Emoticon>
        <id>09</id>
        <iconUri>09.jpg</iconUri>
        <iconType>jpg</iconType>
    </Emoticon>
    <Emoticon>
        <id>10</id>
        <iconUri>10.jpg</iconUri>
        <iconType>jpg</iconType>
    </Emoticon>
    <Emoticon>
        <id>11</id>
        <iconUri>11.jpg</iconUri>
        <iconType>jpg</iconType>
    </Emoticon>
    <Emoticon>
        <id>12</id>
        <iconUri>12.jpg</iconUri>
        <iconType>jpg</iconType>
    </Emoticon>
    <Emoticon>
        <id>13</id>
        <iconUri>13.jpg</iconUri>
        <iconType>jpg</iconType>
    </Emoticon>
    <Emoticon>
        <id>14</id>
        <iconUri>14.jpg</iconUri>
        <iconType>jpg</iconType>
    </Emoticon>
    <Emoticon>
        <id>15</id>
        <iconUri>15.jpg</iconUri>
        <iconType>jpg</iconType>
    </Emoticon>
    <Emoticon>
        <id>16</id>
        <iconUri>16.jpg</iconUri>
        <iconType>jpg</iconType>
    </Emoticon>
    <Emoticon>
        <id>17</id>
        <iconUri>17.jpg</iconUri>
        <iconType>jpg</iconType>
    </Emoticon>
    <Emoticon>
        <id>18</id>
        <iconUri>18.jpg</iconUri>
        <iconType>jpg</iconType>
    </Emoticon>
    <Emoticon>
        <id>19</id>
        <iconUri>19.jpg</iconUri>
        <iconType>jpg</iconType>
    </Emoticon>
    <Emoticon>
        <id>20</id>
        <iconUri>20.jpg</iconUri>
        <iconType>jpg</iconType>
    </Emoticon>
    <Emoticon>
        <id>21</id>
        <iconUri>21.jpg</iconUri>
        <iconType>jpg</iconType>
    </Emoticon>
    <Emoticon>
        <id>22</id>
        <iconUri>22.jpg</iconUri>
        <iconType>jpg</iconType>
    </Emoticon>
    <Emoticon>
        <id>23</id>
        <iconUri>23.jpg</iconUri>
        <iconType>jpg</iconType>
    </Emoticon>
    <Emoticon>
        <id>24</id>
        <iconUri>24.jpg</iconUri>
        <iconType>jpg</iconType>
    </Emoticon>
    <Emoticon>
        <id>25</id>
        <iconUri>25.jpg</iconUri>
        <iconType>jpg</iconType>
    </Emoticon>
    <Emoticon>
        <id>26</id>
        <iconUri>26.jpg</iconUri>
        <iconType>jpg</iconType>
    </Emoticon>
    <Emoticon>
        <id>27</id>
        <iconUri>27.jpg</iconUri>
        <iconType>jpg</iconType>
    </Emoticon>
    <Emoticon>
        <id>28</id>
        <iconUri>28.jpg</iconUri>
        <iconType>jpg</iconType>
    </Emoticon>
    <Emoticon>
        <id>29</id>
        <iconUri>29.jpg</iconUri>
        <iconType>jpg</iconType>
    </Emoticon>
    <Emoticon>
        <id>30</id>
        <iconUri>30.jpg</iconUri>
        <iconType>jpg</iconType>
    </Emoticon>
    <Emoticon>
        <id>31</id>
        <iconUri>31.jpg</iconUri>
        <iconType>jpg</iconType>
    </Emoticon>
    <Emoticon>
        <id>32</id>
        <iconUri>32.jpg</iconUri>
        <iconType>jpg</iconType>
    </Emoticon>
    <Emoticon>
        <id>33</id>
        <iconUri>33.jpg</iconUri>
        <iconType>jpg</iconType>
    </Emoticon>
    <Emoticon>
        <id>34</id>
        <iconUri>34.jpg</iconUri>
        <iconType>jpg</iconType>
    </Emoticon>
    <Emoticon>
        <id>35</id>
        <iconUri>35.jpg</iconUri>
        <iconType>jpg</iconType>
    </Emoticon>
    <Emoticon>
        <id>36</id>
        <iconUri>36.jpg</iconUri>
        <iconType>jpg</iconType>
    </Emoticon>
    <Emoticon>
        <id>37</id>
        <iconUri>37.jpg</iconUri>
        <iconType>jpg</iconType>
    </Emoticon>
    <Emoticon>
        <id>38</id>
        <iconUri>38.jpg</iconUri>
        <iconType>jpg</iconType>
    </Emoticon>
    <Emoticon>
        <id>39</id>
        <iconUri>39.jpg</iconUri>
        <iconType>jpg</iconType>
    </Emoticon>
    <Emoticon>
        <id>40</id>
        <iconUri>40.jpg</iconUri>
        <iconType>jpg</iconType>
    </Emoticon>
    <Emoticon>
        <id>41</id>
        <iconUri>41.jpg</iconUri>
        <iconType>jpg</iconType>
    </Emoticon>
    <Emoticon>
        <id>42</id>
        <iconUri>42.jpg</iconUri>
        <iconType>jpg</iconType>
    </Emoticon>
    <Emoticon>
        <id>43</id>
        <iconUri>43.jpg</iconUri>
        <iconType>jpg</iconType>
    </Emoticon>
    <Emoticon>
        <id>44</id>
        <iconUri>44.jpg</iconUri>
        <iconType>jpg</iconType>
    </Emoticon>
    <Emoticon>
        <id>45</id>
        <iconUri>45.jpg</iconUri>
        <iconType>jpg</iconType>
    </Emoticon>
    <Emoticon>
        <id>46</id>
        <iconUri>46.jpg</iconUri>
        <iconType>jpg</iconType>
    </Emoticon>
    <Emoticon>
        <id>47</id>
        <iconUri>47.jpg</iconUri>
        <iconType>jpg</iconType>
    </Emoticon>
    <Emoticon>
        <id>48</id>
        <iconUri>48.jpg</iconUri>
        <iconType>jpg</iconType>
    </Emoticon>
    <Emoticon>
        <id>49</id>
        <iconUri>49.jpg</iconUri>
        <iconType>jpg</iconType>
    </Emoticon>
    <Emoticon>
        <id>50</id>
        <iconUri>50.jpg</iconUri>
        <iconType>jpg</iconType>
    </Emoticon>
    <Emoticon>
        <id>51</id>
        <iconUri>51.jpg</iconUri>
        <iconType>jpg</iconType>
    </Emoticon>
    <Emoticon>
        <id>52</id>
        <iconUri>52.jpg</iconUri>
        <iconType>jpg</iconType>
    </Emoticon>
    <Emoticon>
        <id>53</id>
        <iconUri>53.jpg</iconUri>
        <iconType>jpg</iconType>
    </Emoticon>
    <Emoticon>
        <id>54</id>
        <iconUri>54.jpg</iconUri>
        <iconType>jpg</iconType>
    </Emoticon>
    <Emoticon>
        <id>55</id>
        <iconUri>55.jpg</iconUri>
        <iconType>jpg</iconType>
    </Emoticon>
    <Emoticon>
        <id>56</id>
        <iconUri>56.jpg</iconUri>
        <iconType>jpg</iconType>
    </Emoticon>
    <Emoticon>
        <id>57</id>
        <iconUri>57.jpg</iconUri>
        <iconType>jpg</iconType>
    </Emoticon>
    <Emoticon>
        <id>58</id>
        <iconUri>58.jpg</iconUri>
        <iconType>jpg</iconType>
    </Emoticon>
    <Emoticon>
        <id>59</id>
        <iconUri>59.jpg</iconUri>
        <iconType>jpg</iconType>
    </Emoticon>
    <Emoticon>
        <id>60</id>
        <iconUri>60.jpg</iconUri>
        <iconType>jpg</iconType>
    </Emoticon>
    <Emoticon>
        <id>61</id>
        <iconUri>61.jpg</iconUri>
        <iconType>jpg</iconType>
    </Emoticon>
    <Emoticon>
        <id>62</id>
        <iconUri>62.jpg</iconUri>
        <iconType>jpg</iconType>
    </Emoticon>
    <Emoticon>
        <id>63</id>
        <iconUri>63.jpg</iconUri>
        <iconType>jpg</iconType>
    </Emoticon>
    <Emoticon>
        <id>64</id>
        <iconUri>64.jpg</iconUri>
        <iconType>jpg</iconType>
    </Emoticon>
    <Emoticon>
        <id>65</id>
        <iconUri>65.jpg</iconUri>
        <iconType>jpg</iconType>
    </Emoticon>
    <Emoticon>
        <id>66</id>
        <iconUri>66.jpg</iconUri>
        <iconType>jpg</iconType>
    </Emoticon>
    <Emoticon>
        <id>67</id>
        <iconUri>67.jpg</iconUri>
        <iconType>jpg</iconType>
    </Emoticon>
    <Emoticon>
        <id>68</id>
        <iconUri>68.jpg</iconUri>
        <iconType>jpg</iconType>
    </Emoticon>
    <Emoticon>
        <id>69</id>
        <iconUri>69.jpg</iconUri>
        <iconType>jpg</iconType>
    </Emoticon>
    <Emoticon>
        <id>70</id>
        <iconUri>70.jpg</iconUri>
        <iconType>jpg</iconType>
    </Emoticon>
    <Emoticon>
        <id>71</id>
        <iconUri>71.jpg</iconUri>
        <iconType>jpg</iconType>
    </Emoticon>
    <Emoticon>
        <id>72</id>
        <iconUri>72.jpg</iconUri>
        <iconType>jpg</iconType>
    </Emoticon>
</EmoticonSet>