<EmoticonSet>
    <id>f1d94bb996ca98090c1936668ebf6ad8</id>
    <name>小袋</name>
    <iconUri>f1d94bb996ca98090c1936668ebf6ad8.png</iconUri>
    <iconType>png</iconType>
    <showName>1</showName>
    <bigEmoticon>1</bigEmoticon>
    <rol>4</rol>
    <row>2</row>
    <showDel>0</showDel>
    <Emoticon>
        <id>1640b1e39db45a6a112bb2299a6b2e83</id>
        <iconUri>1640b1e39db45a6a112bb2299a6b2e83.gif</iconUri>
        <iconType>gif</iconType>
        <name>我呸</name>
    </Emoticon>
    <Emoticon>
        <id>81c3894a2f8dab197b268918c58953d8</id>
        <iconUri>81c3894a2f8dab197b268918c58953d8.gif</iconUri>
        <iconType>gif</iconType>
        <name>谢谢老板</name>
    </Emoticon>
    <Emoticon>
        <id>87f653bc194159ca98776bf8f3c0dca2</id>
        <iconUri>87f653bc194159ca98776bf8f3c0dca2.gif</iconUri>
        <iconType>gif</iconType>
        <name>赞</name>
    </Emoticon>
    <Emoticon>
        <id>1f1b5a329e05b694eed17089d5b10a01</id>
        <iconUri>1f1b5a329e05b694eed17089d5b10a01.gif</iconUri>
        <iconType>gif</iconType>
        <name>好嘛</name>
    </Emoticon>
    <Emoticon>
        <id>4669c5160ec74b87b3502f18ea80b7e5</id>
        <iconUri>4669c5160ec74b87b3502f18ea80b7e5.gif</iconUri>
        <iconType>gif</iconType>
        <name>怪我</name>
    </Emoticon>
    <Emoticon>
        <id>7d08003fedd0ab8e4bdf85f1a4f063f3</id>
        <iconUri>7d08003fedd0ab8e4bdf85f1a4f063f3.gif</iconUri>
        <iconType>gif</iconType>
        <name>可恶</name>
    </Emoticon>
    <Emoticon>
        <id>3a5b64bb377330c603070f0e03c6a1c8</id>
        <iconUri>3a5b64bb377330c603070f0e03c6a1c8.gif</iconUri>
        <iconType>gif</iconType>
        <name>猴嗨森</name>
    </Emoticon>
    <Emoticon>
        <id>f505e485aeec457cb81f39459d9bc35d</id>
        <iconUri>f505e485aeec457cb81f39459d9bc35d.gif</iconUri>
        <iconType>gif</iconType>
        <name>么么哒</name>
    </Emoticon>
    <Emoticon>
        <id>3822354914484432273dafbdb18aa94d</id>
        <iconUri>3822354914484432273dafbdb18aa94d.gif</iconUri>
        <iconType>gif</iconType>
        <name>抠鼻</name>
    </Emoticon>
    <Emoticon>
        <id>ce818f7ec1333bff212cafa6fd4f56a3</id>
        <iconUri>ce818f7ec1333bff212cafa6fd4f56a3.gif</iconUri>
        <iconType>gif</iconType>
        <name>感谢</name>
    </Emoticon>
    <Emoticon>
        <id>d9de07e25d55c3c47c6f8a876946d120</id>
        <iconUri>d9de07e25d55c3c47c6f8a876946d120.gif</iconUri>
        <iconType>gif</iconType>
        <name>可怜</name>
    </Emoticon>
    <Emoticon>
        <id>04978cf673c1d645421da0109a52ec90</id>
        <iconUri>04978cf673c1d645421da0109a52ec90.gif</iconUri>
        <iconType>gif</iconType>
        <name>噢耶</name>
    </Emoticon>
    <Emoticon>
        <id>6f4123b1b5568a031f189f7195f0e396</id>
        <iconUri>6f4123b1b5568a031f189f7195f0e396.gif</iconUri>
        <iconType>gif</iconType>
        <name>请你出去</name>
    </Emoticon>
    <Emoticon>
        <id>e8ef7b72d3807324e1075cdfe67264ed</id>
        <iconUri>e8ef7b72d3807324e1075cdfe67264ed.gif</iconUri>
        <iconType>gif</iconType>
        <name>哼</name>
    </Emoticon>
    <Emoticon>
        <id>e67821a098f0a78b37ed4603cf214ad7</id>
        <iconUri>e67821a098f0a78b37ed4603cf214ad7.gif</iconUri>
        <iconType>gif</iconType>
        <name>小贱人</name>
    </Emoticon>
    <Emoticon>
        <id>de5cffba86bb62dc40a257d760165a63</id>
        <iconUri>de5cffba86bb62dc40a257d760165a63.gif</iconUri>
        <iconType>gif</iconType>
        <name>心好累</name>
    </Emoticon>
    <Emoticon>
        <id>49f68a5c8493ec2c0bf489821c21fc3b</id>
        <iconUri>49f68a5c8493ec2c0bf489821c21fc3b.gif</iconUri>
        <iconType>gif</iconType>
        <name>hi</name>
    </Emoticon>
    <Emoticon>
        <id>bfa99df33b137bc8fb5f5407d7e58da8</id>
        <iconUri>bfa99df33b137bc8fb5f5407d7e58da8.gif</iconUri>
        <iconType>gif</iconType>
        <name>bye</name>
    </Emoticon>
</EmoticonSet>