<EmoticonSet>
    <id>3372</id>
    <name>撕逼专用</name>
    <iconUri>00.jpg</iconUri>
    <iconType>jpg</iconType>
    <showName>0</showName>
    <bigEmoticon>1</bigEmoticon>
    <rol>4</rol>
    <row>2</row>
    <showDel>0</showDel>
    <Emoticon>
        <id>00</id>
        <iconUri>00.jpg</iconUri>
        <iconType>jpg</iconType>
    </Emoticon>
    <Emoticon>
        <id>01</id>
        <iconUri>01.jpg</iconUri>
        <iconType>jpg</iconType>
    </Emoticon>
    <Emoticon>
        <id>02</id>
        <iconUri>02.jpg</iconUri>
        <iconType>jpg</iconType>
    </Emoticon>
    <Emoticon>
        <id>03</id>
        <iconUri>03.jpg</iconUri>
        <iconType>jpg</iconType>
    </Emoticon>
    <Emoticon>
        <id>04</id>
        <iconUri>04.jpg</iconUri>
        <iconType>jpg</iconType>
    </Emoticon>
    <Emoticon>
        <id>05</id>
        <iconUri>05.jpg</iconUri>
        <iconType>jpg</iconType>
    </Emoticon>
    <Emoticon>
        <id>06</id>
        <iconUri>06.jpg</iconUri>
        <iconType>jpg</iconType>
    </Emoticon>
    <Emoticon>
        <id>07</id>
        <iconUri>07.jpg</iconUri>
        <iconType>jpg</iconType>
    </Emoticon>
    <Emoticon>
        <id>08</id>
        <iconUri>08.jpg</iconUri>
        <iconType>jpg</iconType>
    </Emoticon>
    <Emoticon>
        <id>09</id>
        <iconUri>09.jpg</iconUri>
        <iconType>jpg</iconType>
    </Emoticon>
    <Emoticon>
        <id>10</id>
        <iconUri>10.jpg</iconUri>
        <iconType>jpg</iconType>
    </Emoticon>
    <Emoticon>
        <id>11</id>
        <iconUri>11.jpg</iconUri>
        <iconType>jpg</iconType>
    </Emoticon>
    <Emoticon>
        <id>12</id>
        <iconUri>12.jpg</iconUri>
        <iconType>jpg</iconType>
    </Emoticon>
    <Emoticon>
        <id>13</id>
        <iconUri>13.jpg</iconUri>
        <iconType>jpg</iconType>
    </Emoticon>
    <Emoticon>
        <id>14</id>
        <iconUri>14.jpg</iconUri>
        <iconType>jpg</iconType>
    </Emoticon>
    <Emoticon>
        <id>15</id>
        <iconUri>15.jpg</iconUri>
        <iconType>jpg</iconType>
    </Emoticon>
    <Emoticon>
        <id>16</id>
        <iconUri>16.jpg</iconUri>
        <iconType>jpg</iconType>
    </Emoticon>
    <Emoticon>
        <id>17</id>
        <iconUri>17.jpg</iconUri>
        <iconType>jpg</iconType>
    </Emoticon>
</EmoticonSet>
