<EmoticonSet>
    <id>2968</id>
    <name>阿狸1</name>
    <iconUri>01.gif</iconUri>
    <iconType>gif</iconType>
    <showName>0</showName>
    <bigEmoticon>1</bigEmoticon>
    <rol>4</rol>
    <row>2</row>
    <showDel>0</showDel>
    <Emoticon>
        <id>01</id>
        <iconUri>01.gif</iconUri>
        <iconType>gif</iconType>
    </Emoticon>
    <Emoticon>
        <id>02</id>
        <iconUri>02.gif</iconUri>
        <iconType>gif</iconType>
    </Emoticon>
    <Emoticon>
        <id>03</id>
        <iconUri>03.gif</iconUri>
        <iconType>gif</iconType>
    </Emoticon>
    <Emoticon>
        <id>04</id>
        <iconUri>04.gif</iconUri>
        <iconType>gif</iconType>
    </Emoticon>
    <Emoticon>
        <id>05</id>
        <iconUri>05.gif</iconUri>
        <iconType>gif</iconType>
    </Emoticon>
    <Emoticon>
        <id>06</id>
        <iconUri>06.gif</iconUri>
        <iconType>gif</iconType>
    </Emoticon>
    <Emoticon>
        <id>07</id>
        <iconUri>07.gif</iconUri>
        <iconType>gif</iconType>
    </Emoticon>
    <Emoticon>
        <id>08</id>
        <iconUri>08.gif</iconUri>
        <iconType>gif</iconType>
    </Emoticon>
    <Emoticon>
        <id>09</id>
        <iconUri>09.gif</iconUri>
        <iconType>gif</iconType>
    </Emoticon>
    <Emoticon>
        <id>11</id>
        <iconUri>11.gif</iconUri>
        <iconType>gif</iconType>
    </Emoticon>
    <Emoticon>
        <id>12</id>
        <iconUri>12.gif</iconUri>
        <iconType>gif</iconType>
    </Emoticon>
    <Emoticon>
        <id>13</id>
        <iconUri>13.gif</iconUri>
        <iconType>gif</iconType>
    </Emoticon>
    <Emoticon>
        <id>14</id>
        <iconUri>14.gif</iconUri>
        <iconType>gif</iconType>
    </Emoticon>
    <Emoticon>
        <id>15</id>
        <iconUri>15.gif</iconUri>
        <iconType>gif</iconType>
    </Emoticon>
    <Emoticon>
        <id>16</id>
        <iconUri>16.gif</iconUri>
        <iconType>gif</iconType>
    </Emoticon>
    <Emoticon>
        <id>19</id>
        <iconUri>19.gif</iconUri>
        <iconType>gif</iconType>
    </Emoticon>
    <Emoticon>
        <id>20</id>
        <iconUri>20.gif</iconUri>
        <iconType>gif</iconType>
    </Emoticon>
    <Emoticon>
        <id>21</id>
        <iconUri>21.gif</iconUri>
        <iconType>gif</iconType>
    </Emoticon>
    <Emoticon>
        <id>22</id>
        <iconUri>22.gif</iconUri>
        <iconType>gif</iconType>
    </Emoticon>
    <Emoticon>
        <id>23</id>
        <iconUri>23.gif</iconUri>
        <iconType>gif</iconType>
    </Emoticon>
    <Emoticon>
        <id>24</id>
        <iconUri>24.gif</iconUri>
        <iconType>gif</iconType>
    </Emoticon>
</EmoticonSet>
